id_goleador,anio,id_seleccion,id_jugador,goles,partidos,promedio
1,1930,6,5415,8,4,2.0
2,1930,80,5842,5,4,1.25
3,1930,35,2861,4,3,1.33
4,1930,80,5810,3,2,1.5
5,1930,85,3544,3,3,1.0
6,1930,6,5363,3,4,0.75
7,1930,11,1767,3,2,1.5
8,1930,80,5838,2,2,1.0
9,1930,80,5861,2,3,0.67
10,1930,80,5900,2,4,0.5
11,1930,36,3988,2,2,1.0
12,1930,11,1729,2,1,2.0
13,1930,6,5694,2,4,0.5
14,1930,56,7854,2,3,0.67
15,1930,17,766,2,3,0.67
16,1930,17,786,2,3,0.67
17,1930,6,5445,2,1,2.0
18,1930,35,2761,1,3,0.33
19,1930,56,7679,1,3,0.33
20,1930,68,1875,1,2,0.5
21,1930,6,5246,1,4,0.25
22,1930,35,2799,1,3,0.33
23,1930,56,7732,1,2,0.5
24,1930,68,1897,1,2,0.5
25,1930,36,3963,1,3,0.33
26,1930,36,3966,1,2,0.5
27,1930,85,3645,1,3,0.33
28,1930,35,2844,1,3,0.33
29,1930,80,5995,1,3,0.33
30,1930,6,5403,1,1,1.0
31,1930,85,3721,1,2,0.5
32,1930,63,2216,1,2,0.5
33,1930,68,1946,1,1,1.0
34,1930,85,3749,1,3,0.33
35,1930,6,5434,1,4,0.25
36,1930,62,4434,1,2,0.5
37,1930,85,3760,1,3,0.33
38,1934,86,537,5,4,1.25
39,1934,1,6077,4,4,1.0
40,1934,51,5757,4,4,1.0
41,1934,74,8129,3,2,1.5
42,1934,51,5713,3,5,0.6
43,1934,28,2084,2,1,2.0
44,1934,51,5627,2,4,0.5
45,1934,1,6146,2,2,1.0
46,1934,8,4586,2,2,1.0
47,1934,34,4949,2,2,1.0
48,1934,73,3424,2,2,1.0
49,1934,1,6198,2,4,0.5
50,1934,51,5689,2,5,0.4
51,1934,86,560,2,4,0.5
52,1934,86,585,2,3,0.67
53,1934,42,7618,2,2,1.0
54,1934,13,6753,2,1,2.0
55,1934,74,8033,1,2,0.5
56,1934,6,5184,1,1,1.0
57,1934,8,4552,1,4,0.25
58,1934,68,1877,1,1,1.0
59,1934,35,2788,1,1,1.0
60,1934,73,3372,1,2,0.5
61,1934,6,5260,1,1,1.0
62,1934,51,5653,1,4,0.25
63,1934,74,8125,1,1,1.0
64,1934,1,6178,1,3,0.33
65,1934,73,3438,1,2,0.5
66,1934,34,4964,1,2,0.5
67,1934,11,1690,1,1,1.0
68,1934,36,3998,1,1,1.0
69,1934,1,6234,1,1,1.0
70,1934,34,7836,1,2,0.5
71,1934,42,7596,1,1,1.0
72,1934,8,4639,1,2,0.5
73,1934,8,4646,1,4,0.25
74,1934,1,6283,1,4,0.25
75,1934,8,4647,1,3,0.33
76,1934,60,6480,1,1,1.0
77,1934,42,7615,1,1,1.0
78,1934,60,6526,1,1,1.0
79,1934,36,4067,1,1,1.0
80,1934,42,7631,1,1,1.0
81,1934,8,4669,1,4,0.25
82,1938,11,1690,7,4,1.75
83,1938,51,5732,5,4,1.25
84,1938,42,7596,5,4,1.25
85,1938,42,7634,5,4,1.25
86,1938,51,5591,4,3,1.33
87,1938,64,3178,4,1,4.0
88,1938,74,8033,3,3,1.0
89,1938,73,3432,3,2,1.5
90,1938,73,3480,3,3,1.0
91,1938,11,1761,3,4,0.75
92,1938,11,1792,3,4,0.75
93,1938,25,2431,3,3,1.0
94,1938,73,3532,3,2,1.5
95,1938,68,1877,2,2,1.0
96,1938,86,537,2,2,1.0
97,1938,36,3998,2,2,1.0
98,1938,73,3342,1,3,0.33
99,1938,68,1852,1,2,0.5
100,1938,74,8051,1,3,0.33
101,1938,68,1856,1,1,1.0
102,1938,58,7396,1,1,1.0
103,1938,25,2426,1,3,0.33
104,1938,51,5630,1,1,1.0
105,1938,1,6102,1,1,1.0
106,1938,1,6118,1,2,0.5
107,1938,36,3936,1,2,0.5
108,1938,13,6638,1,1,1.0
109,1938,73,3424,1,3,0.33
110,1938,42,7553,1,2,0.5
111,1938,86,503,1,3,0.33
112,1938,86,506,1,3,0.33
113,1938,25,2428,1,2,0.5
114,1938,51,5689,1,4,0.25
115,1938,11,5047,1,2,0.5
116,1938,42,7598,1,4,0.25
117,1938,64,3162,1,1,1.0
118,1938,42,7617,1,2,0.5
119,1938,42,7618,1,2,0.5
120,1938,36,4064,1,2,0.5
121,1938,74,8219,1,3,0.33
122,1938,86,597,1,1,1.0
123,1950,11,1519,9,6,1.5
124,1950,80,5927,5,4,1.25
125,1950,34,4875,4,6,0.67
126,1950,11,1582,4,4,1.0
127,1950,80,5881,4,4,1.0
128,1950,34,5099,4,6,0.67
129,1950,73,3488,3,5,0.6
130,1950,80,5996,3,4,0.75
131,1950,73,3514,3,5,0.6
132,1950,73,3349,2,5,0.4
133,1950,11,1546,2,2,1.0
134,1950,85,3554,2,3,0.67
135,1950,51,5572,2,2,1.0
136,1950,17,656,2,3,0.67
137,1950,74,8087,2,3,0.67
138,1950,34,4947,2,5,0.4
139,1950,11,1660,2,5,0.4
140,1950,73,3419,2,4,0.5
141,1950,85,3750,2,3,0.67
142,1950,11,1846,2,4,0.5
143,1950,11,1528,1,1,1.0
144,1950,74,8042,1,2,0.5
145,1950,74,8043,1,3,0.33
146,1950,85,3546,1,3,0.33
147,1950,56,7681,1,3,0.33
148,1950,11,1635,1,4,0.25
149,1950,35,2801,1,3,0.33
150,1950,62,4385,1,2,0.5
151,1950,62,4387,1,2,0.5
152,1950,35,2838,1,3,0.33
153,1950,11,1704,1,4,0.25
154,1950,44,1331,1,2,0.5
155,1950,73,3462,1,2,0.5
156,1950,85,3665,1,3,0.33
157,1950,44,1348,1,3,0.33
158,1950,51,5702,1,2,0.5
159,1950,85,3679,1,1,1.0
160,1950,56,7812,1,3,0.33
161,1950,51,5717,1,1,1.0
162,1950,35,2860,1,3,0.33
163,1950,80,5960,1,4,0.25
164,1950,17,731,1,2,0.5
165,1950,17,741,1,1,1.0
166,1950,17,744,1,3,0.33
167,1950,80,6025,1,4,0.25
168,1950,80,6029,1,3,0.33
169,1950,35,2896,1,3,0.33
170,1954,42,7552,11,5,2.2
171,1954,74,8118,6,3,2.0
172,1954,87,6220,6,5,1.2
173,1954,8,4628,6,5,1.2
174,1954,74,8046,4,4,1.0
175,1954,80,5821,4,5,0.8
176,1954,42,7538,4,4,1.0
177,1954,42,7587,4,3,1.33
178,1954,87,6251,4,4,1.0
179,1954,87,6269,4,5,0.8
180,1954,87,6312,4,5,0.8
181,1954,13,6545,3,2,1.5
182,1954,77,5455,3,2,1.5
183,1954,42,7513,3,5,0.6
184,1954,80,5899,3,2,1.5
185,1954,44,1327,3,2,1.5
186,1954,80,5927,3,3,1.0
187,1954,8,4650,3,4,0.75
188,1954,77,5486,3,2,1.5
189,1954,8,4662,3,4,0.75
190,1954,87,6311,3,6,0.5
191,1954,80,5799,2,4,0.5
192,1954,44,1223,2,3,0.67
193,1954,11,1596,2,3,0.67
194,1954,11,1674,2,3,0.67
195,1954,8,4594,2,5,0.4
196,1954,77,5472,2,3,0.67
197,1954,42,7561,2,5,0.4
198,1954,8,4615,2,5,0.4
199,1954,42,7582,2,2,1.0
200,1954,11,1763,2,2,1.0
201,1954,80,5996,2,5,0.4
202,1954,80,5807,1,4,0.25
203,1954,56,7653,1,2,0.5
204,1954,11,1546,1,2,0.5
205,1954,51,5554,1,1,1.0
206,1954,13,6580,1,2,0.5
207,1954,11,1599,1,3,0.33
208,1954,77,5463,1,3,0.33
209,1954,74,8087,1,4,0.25
210,1954,44,1271,1,3,0.33
211,1954,51,5635,1,2,0.5
212,1954,51,5639,1,2,0.5
213,1954,87,6134,1,1,1.0
214,1954,77,5470,1,3,0.33
215,1954,87,6175,1,2,0.5
216,1954,36,3954,1,2,0.5
217,1954,56,7763,1,2,0.5
218,1954,51,5667,1,3,0.33
219,1954,85,3663,1,3,0.33
220,1954,44,1350,1,1,1.0
221,1954,51,5707,1,3,0.33
222,1954,51,5717,1,3,0.33
223,1954,87,6245,1,1,1.0
224,1954,42,7622,1,2,0.5
225,1954,80,6025,1,3,0.33
226,1954,36,4070,1,2,0.5
227,1954,44,1428,1,2,0.5
228,1954,85,3767,1,3,0.33
229,1958,36,3915,13,6,2.17
230,1958,11,1759,6,4,1.5
231,1958,87,6251,6,6,1.0
232,1958,47,2261,5,5,1.0
233,1958,11,1820,5,4,1.25
234,1958,73,3402,4,5,0.8
235,1958,73,3508,4,5,0.8
236,1958,42,7616,4,4,1.0
237,1958,86,599,4,3,1.33
238,1958,6,5223,3,3,1.0
239,1958,36,3954,3,6,0.5
240,1958,36,4007,3,5,0.6
241,1958,87,6269,3,6,0.5
242,1958,85,3756,3,4,0.75
243,1958,62,4297,2,3,0.67
244,1958,37,2526,2,5,0.4
245,1958,11,5519,2,3,0.67
246,1958,62,4306,2,3,0.67
247,1958,86,460,2,4,0.5
248,1958,86,478,2,3,0.67
249,1958,88,307,2,5,0.4
250,1958,44,1315,2,4,0.5
251,1958,73,3445,2,5,0.4
252,1958,62,4405,2,3,0.67
253,1958,85,3694,2,4,0.5
254,1958,62,4415,2,3,0.67
255,1958,87,6281,2,5,0.4
256,1958,36,4072,2,6,0.33
257,1958,6,5168,1,2,0.5
258,1958,31,2285,1,1,1.0
259,1958,56,7657,1,2,0.5
260,1958,42,7495,1,2,0.5
261,1958,42,7503,1,3,0.33
262,1958,37,2535,1,4,0.25
263,1958,87,6076,1,2,0.5
264,1958,31,2304,1,3,0.33
265,1958,47,2239,1,5,0.2
266,1958,11,1596,1,6,0.17
267,1958,36,3906,1,1,1.0
268,1958,86,461,1,3,0.33
269,1958,44,1271,1,1,1.0
270,1958,73,3394,1,5,0.2
271,1958,44,1290,1,4,0.25
272,1958,88,310,1,5,0.2
273,1958,88,309,1,4,0.25
274,1958,8,4593,1,3,0.33
275,1958,8,4596,1,3,0.33
276,1958,37,2556,1,4,0.25
277,1958,6,5316,1,3,0.33
278,1958,31,2391,1,3,0.33
279,1958,31,2392,1,2,0.5
280,1958,11,1739,1,6,0.17
281,1958,85,3680,1,2,0.5
282,1958,85,3712,1,4,0.25
283,1958,62,4408,1,3,0.33
284,1958,42,7594,1,3,0.33
285,1958,88,401,1,5,0.2
286,1958,73,3511,1,6,0.17
287,1958,36,4070,1,6,0.17
288,1958,11,1833,1,6,0.17
289,1962,42,7490,4,3,1.33
290,1962,11,1637,4,6,0.67
291,1962,88,310,4,4,1.0
292,1962,85,3601,4,6,0.67
293,1962,17,758,4,6,0.67
294,1962,11,1820,4,6,0.67
295,1962,11,1535,3,4,0.75
296,1962,85,3579,3,6,0.5
297,1962,86,568,3,6,0.5
298,1962,42,7616,3,4,0.75
299,1962,51,5561,2,1,2.0
300,1962,88,275,2,3,0.67
301,1962,44,1272,2,4,0.5
302,1962,88,373,2,4,0.5
303,1962,17,735,2,6,0.33
304,1962,17,748,2,6,0.33
305,1962,80,5994,2,3,0.67
306,1962,87,6281,2,4,0.5
307,1962,17,771,2,5,0.4
308,1962,19,2632,1,3,0.33
309,1962,34,4848,1,1,1.0
310,1962,87,6069,1,4,0.25
311,1962,80,5825,1,2,0.5
312,1962,44,1239,1,4,0.25
313,1962,19,2653,1,3,0.33
314,1962,80,5849,1,2,0.5
315,1962,56,7704,1,3,0.33
316,1962,56,7707,1,3,0.33
317,1962,6,5248,1,2,0.5
318,1962,44,1284,1,4,0.25
319,1962,56,7752,1,3,0.33
320,1962,44,1293,1,2,0.5
321,1962,86,495,1,3,0.33
322,1962,19,2684,1,3,0.33
323,1962,88,351,1,2,0.5
324,1962,86,526,1,1,1.0
325,1962,86,528,1,6,0.17
326,1962,85,3649,1,2,0.5
327,1962,51,5697,1,2,0.5
328,1962,34,5019,1,2,0.5
329,1962,11,1759,1,2,0.5
330,1962,19,2710,1,2,0.5
331,1962,85,3708,1,5,0.2
332,1962,6,5397,1,2,0.5
333,1962,74,8184,1,3,0.33
334,1962,85,3724,1,5,0.2
335,1962,12,2999,1,2,0.5
336,1962,42,7600,1,4,0.25
337,1962,86,582,1,3,0.33
338,1962,87,6297,1,4,0.25
339,1962,74,8226,1,3,0.33
340,1962,11,1833,1,6,0.17
341,1962,11,1845,1,6,0.17
342,1962,19,2734,1,1,1.0
343,1966,65,3228,9,6,1.5
344,1966,87,6119,6,5,1.2
345,1966,87,6051,4,6,0.67
346,1966,42,7496,4,4,1.0
347,1966,44,1304,4,3,1.33
348,1966,88,376,4,3,1.33
349,1966,6,5165,3,4,0.75
350,1966,44,1239,3,6,0.5
351,1966,44,1302,3,6,0.5
352,1966,65,3255,3,6,0.5
353,1966,88,350,3,5,0.6
354,1966,65,3322,3,6,0.5
355,1966,88,275,2,4,0.5
356,1966,17,700,2,3,0.67
357,1966,42,7571,2,4,0.5
358,1966,20,8000,2,4,0.5
359,1966,87,6281,2,6,0.33
360,1966,34,4858,1,2,0.5
361,1966,12,2915,1,3,0.33
362,1966,88,255,1,5,0.2
363,1966,51,5538,1,2,0.5
364,1966,56,7664,1,3,0.33
365,1966,80,5847,1,4,0.25
366,1966,36,3886,1,1,1.0
367,1966,87,6088,1,4,0.25
368,1966,42,7520,1,4,0.25
369,1966,34,4923,1,1,1.0
370,1966,11,1637,1,2,0.5
371,1966,36,3935,1,3,0.33
372,1966,87,6128,1,6,0.17
373,1966,20,7991,1,2,0.5
374,1966,51,5688,1,3,0.33
375,1966,6,5334,1,4,0.25
376,1966,20,7997,1,4,0.25
377,1966,11,1759,1,2,0.5
378,1966,44,1365,1,5,0.2
379,1966,34,5023,1,2,0.5
380,1966,74,8170,1,2,0.5
381,1966,11,1780,1,1,1.0
382,1966,80,5976,1,4,0.25
383,1966,34,5057,1,3,0.33
384,1966,65,3318,1,6,0.17
385,1966,11,1816,1,1,1.0
386,1966,87,6313,1,6,0.17
387,1966,20,8009,1,2,0.5
388,1970,87,6223,10,6,1.67
389,1970,11,1663,7,6,1.17
390,1970,63,2147,5,4,1.25
391,1970,88,262,4,4,1.0
392,1970,11,1759,4,6,0.67
393,1970,51,5746,3,6,0.5
394,1970,11,1782,3,5,0.6
395,1970,87,6281,3,6,0.5
396,1970,51,5553,2,6,0.33
397,1970,68,1882,2,3,0.67
398,1970,63,2162,2,4,0.5
399,1970,13,6644,2,2,1.0
400,1970,86,548,2,3,0.67
401,1970,51,5747,2,4,0.5
402,1970,11,1816,2,6,0.33
403,1970,56,7883,2,4,0.5
404,1970,13,6726,2,3,0.67
405,1970,88,252,1,4,0.25
406,1970,56,7655,1,2,0.5
407,1970,87,6051,1,5,0.2
408,1970,12,2918,1,3,0.33
409,1970,51,5562,1,6,0.17
410,1970,11,1571,1,6,0.17
411,1970,63,2141,1,4,0.25
412,1970,63,2142,1,4,0.25
413,1970,44,1243,1,1,1.0
414,1970,11,1584,1,6,0.17
415,1970,80,5849,1,5,0.2
416,1970,68,1874,1,3,0.33
417,1970,12,2923,1,2,0.5
418,1970,51,5617,1,6,0.17
419,1970,80,5865,1,6,0.17
420,1970,56,7721,1,4,0.25
421,1970,11,1640,1,4,0.25
422,1970,55,8362,1,3,0.33
423,1970,56,7738,1,3,0.33
424,1970,73,3391,1,2,0.5
425,1970,44,1304,1,3,0.33
426,1970,55,8371,1,2,0.5
427,1970,88,322,1,4,0.25
428,1970,12,2959,1,2,0.5
429,1970,87,6199,1,5,0.2
430,1970,80,5913,1,6,0.17
431,1970,80,5935,1,6,0.17
432,1970,44,1351,1,4,0.25
433,1970,68,1916,1,3,0.33
434,1970,12,2981,1,2,0.5
435,1970,87,6239,1,6,0.17
436,1970,56,7819,1,4,0.25
437,1970,44,1365,1,4,0.25
438,1970,87,6274,1,5,0.2
439,1970,50,1006,1,3,0.33
440,1970,73,3529,1,2,0.5
441,1970,12,3024,1,2,0.5
442,1974,64,3110,7,7,1.0
443,1974,60,6452,5,7,0.71
444,1974,64,3160,5,6,0.83
445,1974,73,3375,4,6,0.67
446,1974,87,6223,4,7,0.57
447,1974,60,6468,4,7,0.57
448,1974,85,3540,3,3,1.0
449,1974,87,6067,3,7,0.43
450,1974,60,6378,3,7,0.43
451,1974,64,3048,3,7,0.43
452,1974,6,5283,3,6,0.5
453,1974,11,1782,3,7,0.43
454,1974,11,1663,2,7,0.29
455,1974,31,2356,2,3,0.67
456,1974,85,3614,2,4,0.5
457,1974,87,6239,2,7,0.29
458,1974,73,3503,2,6,0.33
459,1974,40,2454,2,3,0.67
460,1974,2,2522,2,4,0.5
461,1974,85,3744,2,6,0.33
462,1974,6,5441,2,3,0.67
463,1974,17,626,1,3,0.33
464,1974,51,5523,1,3,0.33
465,1974,6,5170,1,6,0.17
466,1974,6,5171,1,5,0.2
467,1974,51,5543,1,3,0.33
468,1974,85,3547,1,5,0.2
469,1974,12,2918,1,3,0.33
470,1974,87,6063,1,4,0.25
471,1974,6,5196,1,4,0.25
472,1974,51,5569,1,3,0.33
473,1974,87,6078,1,3,0.33
474,1974,60,6390,1,4,0.25
475,1974,85,3575,1,5,0.2
476,1974,64,3069,1,7,0.14
477,1974,87,6112,1,6,0.17
478,1974,6,5280,1,6,0.17
479,1974,87,6142,1,7,0.14
480,1974,2,2511,1,6,0.17
481,1974,85,3615,1,6,0.17
482,1974,60,6434,1,7,0.14
483,1974,31,2363,1,3,0.33
484,1974,85,3677,1,5,0.2
485,1974,80,5948,1,3,0.33
486,1974,85,3696,1,5,0.2
487,1974,60,6467,1,6,0.17
488,1974,51,5747,1,2,0.5
489,1974,2,2521,1,6,0.17
490,1974,73,3528,1,5,0.2
491,1974,11,1818,1,6,0.17
492,1978,6,5290,6,7,0.86
493,1978,63,2147,5,6,0.83
494,1978,60,6467,5,7,0.71
495,1978,8,4603,4,6,0.67
496,1978,6,5304,4,5,0.8
497,1978,11,1598,3,7,0.43
498,1978,60,6468,3,7,0.43
499,1978,11,1785,3,5,0.6
500,1978,51,5752,3,7,0.43
501,1978,87,6265,3,5,0.6
502,1978,6,5186,2,6,0.33
503,1978,51,5549,2,7,0.29
504,1978,64,3035,2,6,0.33
505,1978,60,6373,2,4,0.5
506,1978,87,6094,2,4,0.5
507,1978,31,2328,2,3,0.67
508,1978,60,6410,2,6,0.33
509,1978,64,3110,2,6,0.33
510,1978,87,6222,2,4,0.5
511,1978,11,1733,2,4,0.5
512,1978,87,6035,1,3,0.33
513,1978,34,4867,1,3,0.33
514,1978,51,5543,1,6,0.17
515,1978,36,3843,1,2,0.5
516,1978,51,5579,1,7,0.14
517,1978,42,7508,1,3,0.33
518,1978,63,2148,1,6,0.17
519,1978,31,2314,1,3,0.33
520,1978,48,4096,1,2,0.5
521,1978,34,4905,1,1,1.0
522,1978,64,3048,1,6,0.17
523,1978,78,7187,1,3,0.33
524,1978,78,7197,1,3,0.33
525,1978,87,6140,1,3,0.33
526,1978,6,5283,1,6,0.17
527,1978,31,2356,1,3,0.33
528,1978,78,7213,1,3,0.33
529,1978,36,3959,1,2,0.5
530,1978,36,3977,1,2,0.5
531,1978,87,6224,1,4,0.25
532,1978,60,6451,1,4,0.25
533,1978,8,4614,1,6,0.17
534,1978,6,5350,1,7,0.14
535,1978,36,4012,1,3,0.33
536,1978,56,7835,1,3,0.33
537,1978,11,1771,1,3,0.33
538,1978,36,4025,1,2,0.5
539,1978,48,4169,1,3,0.33
540,1978,8,4638,1,3,0.33
541,1978,73,3510,1,3,0.33
542,1978,64,3160,1,5,0.2
543,1978,6,5420,1,7,0.14
544,1978,42,7621,1,1,1.0
545,1978,60,6499,1,7,0.14
546,1978,60,6500,1,7,0.14
547,1978,56,7886,1,3,0.33
548,1978,63,2222,1,5,0.2
549,1978,51,5793,1,5,0.2
550,1978,11,1843,1,6,0.17
551,1978,42,7633,1,3,0.33
552,1982,51,5752,6,7,0.86
553,1982,87,6265,5,7,0.71
554,1982,64,3035,4,6,0.67
555,1982,11,1843,4,5,0.8
556,1982,47,2225,3,5,0.6
557,1982,11,1623,3,5,0.6
558,1982,36,3922,3,6,0.5
559,1982,42,7550,3,3,1.0
560,1982,5,6831,2,3,0.67
561,1982,6,5186,2,5,0.4
562,1982,11,3225,2,5,0.4
563,1982,42,7521,2,3,0.67
564,1982,87,6093,2,6,0.33
565,1982,44,1279,2,5,0.4
566,1982,36,3918,2,5,0.4
567,1982,47,2247,2,5,0.4
568,1982,87,6202,2,7,0.29
569,1982,6,5307,2,5,0.4
570,1982,42,7579,2,3,0.67
571,1982,86,544,2,2,1.0
572,1982,6,5350,2,5,0.4
573,1982,36,4012,2,5,0.4
574,1982,42,7586,2,3,0.67
575,1982,44,1379,2,4,0.5
576,1982,36,4025,2,4,0.5
577,1982,8,4638,2,5,0.4
578,1982,11,1801,2,5,0.4
579,1982,36,4042,2,7,0.29
580,1982,11,1805,2,5,0.4
581,1982,51,5772,2,7,0.29
582,1982,31,2413,2,3,0.67
583,1982,54,7901,1,3,0.33
584,1982,54,7902,1,3,0.33
585,1982,51,5520,1,3,0.33
586,1982,31,2284,1,3,0.33
587,1982,6,5163,1,5,0.2
588,1982,88,253,1,4,0.25
589,1982,88,254,1,5,0.2
590,1982,5,6835,1,2,0.5
591,1982,5,6839,1,3,0.33
592,1982,88,263,1,5,0.2
593,1982,36,3852,1,6,0.17
594,1982,87,6067,1,7,0.14
595,1982,64,3041,1,7,0.14
596,1982,51,5563,1,7,0.14
597,1982,88,276,1,5,0.2
598,1982,64,3045,1,4,0.25
599,1982,13,6579,1,5,0.2
600,1982,51,5595,1,7,0.14
601,1982,36,3881,1,3,0.33
602,1982,13,6584,1,5,0.2
603,1982,31,2314,1,2,0.5
604,1982,6,5240,1,4,0.25
605,1982,63,2154,1,3,0.33
606,1982,88,298,1,5,0.2
607,1982,36,3921,1,5,0.2
608,1982,51,5651,1,7,0.14
609,1982,85,3583,1,3,0.33
610,1982,8,4582,1,5,0.2
611,1982,87,6149,1,5,0.2
612,1982,31,2356,1,1,1.0
613,1982,34,4957,1,4,0.25
614,1982,11,1680,1,5,0.2
615,1982,8,4603,1,4,0.25
616,1982,64,3106,1,5,0.2
617,1982,63,2175,1,3,0.33
618,1982,41,219,1,2,0.5
619,1982,64,3110,1,7,0.14
620,1982,17,696,1,2,0.5
621,1982,34,4974,1,4,0.25
622,1982,5,6875,1,3,0.33
623,1982,64,3120,1,7,0.14
624,1982,44,1332,1,5,0.2
625,1982,14,930,1,3,0.33
626,1982,17,709,1,3,0.33
627,1982,31,2393,1,3,0.33
628,1982,17,717,1,3,0.33
629,1982,88,368,1,3,0.33
630,1982,11,1744,1,5,0.2
631,1982,85,3700,1,3,0.33
632,1982,8,4620,1,5,0.2
633,1982,29,848,1,3,0.33
634,1982,87,6256,1,3,0.33
635,1982,31,2401,1,3,0.33
636,1982,34,5062,1,4,0.25
637,1982,88,397,1,5,0.2
638,1982,64,3156,1,6,0.17
639,1982,36,4043,1,6,0.17
640,1982,31,2406,1,3,0.33
641,1982,59,5139,1,3,0.33
642,1982,64,3160,1,2,0.5
643,1982,42,7608,1,2,0.5
644,1982,42,7622,1,2,0.5
645,1982,36,4056,1,7,0.14
646,1982,13,6731,1,5,0.2
647,1982,42,7627,1,2,0.5
648,1982,59,5146,1,3,0.33
649,1982,34,5097,1,4,0.25
650,1982,41,245,1,3,0.33
651,1986,44,1325,6,5,1.2
652,1986,34,4880,5,5,1.0
653,1986,11,1569,5,5,1.0
654,1986,6,5307,5,7,0.71
655,1986,51,5520,4,4,1.0
656,1986,88,257,4,4,1.0
657,1986,26,4208,4,4,1.0
658,1986,6,5430,4,7,0.57
659,1986,13,6571,3,7,0.43
660,1986,13,6575,3,7,0.43
661,1986,26,4265,3,4,0.75
662,1986,87,6306,3,6,0.5
663,1986,87,6039,2,7,0.29
664,1986,6,5200,2,7,0.29
665,1986,62,4329,2,4,0.5
666,1986,34,4881,2,4,0.5
667,1986,11,1671,2,3,0.67
668,1986,55,8375,2,4,0.5
669,1986,36,4002,2,4,0.5
670,1986,36,4012,2,6,0.33
671,1986,56,7831,2,5,0.4
672,1986,62,4416,2,4,0.5
673,1986,13,6690,2,7,0.29
674,1986,11,1805,2,5,0.4
675,1986,36,4045,2,6,0.33
676,1986,88,248,1,4,0.25
677,1986,80,5806,1,3,0.33
678,1986,36,3822,1,7,0.14
679,1986,44,1213,1,4,0.25
680,1986,88,263,1,2,0.5
681,1986,87,6066,1,5,0.2
682,1986,6,5197,1,7,0.14
683,1986,65,3207,1,3,0.33
684,1986,21,6948,1,2,0.5
685,1986,47,2235,1,3,0.33
686,1986,13,6605,1,7,0.14
687,1986,42,7515,1,3,0.33
688,1986,65,3222,1,3,0.33
689,1986,11,1610,1,5,0.2
690,1986,34,4914,1,3,0.33
691,1986,26,4211,1,2,0.5
692,1986,42,7519,1,3,0.33
693,1986,36,3912,1,6,0.17
694,1986,36,3913,1,4,0.25
695,1986,56,7719,1,3,0.33
696,1986,80,5874,1,4,0.25
697,1986,36,3918,1,1,1.0
698,1986,12,2936,1,4,0.25
699,1986,34,4933,1,4,0.25
700,1986,21,6973,1,3,0.33
701,1986,34,4959,1,5,0.2
702,1986,21,7008,1,2,0.5
703,1986,55,8377,1,4,0.25
704,1986,26,4243,1,4,0.25
705,1986,26,4247,1,4,0.25
706,1986,87,6212,1,7,0.14
707,1986,56,7804,1,5,0.2
708,1986,21,7071,1,3,0.33
709,1986,6,5349,1,2,0.5
710,1986,45,1187,1,3,0.33
711,1986,88,380,1,3,0.33
712,1986,36,4025,1,4,0.25
713,1986,88,381,1,4,0.25
714,1986,6,5390,1,7,0.14
715,1986,87,6265,1,7,0.14
716,1986,56,7864,1,4,0.25
717,1986,34,5064,1,4,0.25
718,1986,56,7870,1,5,0.2
719,1986,12,2998,1,4,0.25
720,1986,64,3156,1,4,0.25
721,1986,31,2408,1,3,0.33
722,1986,36,4053,1,7,0.14
723,1986,13,6731,1,1,1.0
724,1986,13,6738,1,6,0.17
725,1986,13,6750,1,5,0.2
726,1986,47,2278,1,3,0.33
727,1986,88,418,1,3,0.33
728,1986,88,419,1,3,0.33
729,1986,88,427,1,4,0.25
730,1986,5,6901,1,3,0.33
731,1990,51,5758,6,7,0.86
732,1990,86,576,5,5,1.0
733,1990,44,1325,4,7,0.57
734,1990,87,6212,4,7,0.57
735,1990,34,4989,4,4,1.0
736,1990,14,936,4,5,0.8
737,1990,87,6066,3,6,0.5
738,1990,87,6174,3,7,0.43
739,1990,44,1368,3,6,0.5
740,1990,87,6306,3,6,0.5
741,1990,51,5533,2,5,0.4
742,1990,68,1851,2,4,0.5
743,1990,86,440,2,5,0.4
744,1990,6,5208,2,6,0.33
745,1990,11,1569,2,4,0.5
746,1990,85,3610,2,5,0.4
747,1990,68,1898,2,3,0.67
748,1990,11,1731,2,4,0.5
749,1990,85,3685,2,3,0.67
750,1990,19,2712,2,3,0.67
751,1990,85,3739,2,5,0.4
752,1990,28,2068,1,3,0.33
753,1990,87,6053,1,4,0.25
754,1990,80,5817,1,1,1.0
755,1990,73,3366,1,3,0.33
756,1990,6,5200,1,7,0.14
757,1990,35,2764,1,3,0.33
758,1990,22,1979,1,4,0.25
759,1990,13,6571,1,4,0.25
760,1990,13,6578,1,3,0.33
761,1990,13,6591,1,4,0.25
762,1990,13,6599,1,4,0.25
763,1990,88,285,1,3,0.33
764,1990,14,884,1,1,1.0
765,1990,73,3378,1,2,0.5
766,1990,22,1994,1,4,0.25
767,1990,80,5870,1,2,0.5
768,1990,51,5646,1,7,0.14
769,1990,22,2004,1,4,0.25
770,1990,34,4938,1,4,0.25
771,1990,60,6409,1,4,0.25
772,1990,86,470,1,5,0.2
773,1990,21,6974,1,2,0.5
774,1990,31,2351,1,3,0.33
775,1990,34,4959,1,3,0.33
776,1990,30,7956,1,3,0.33
777,1990,30,7958,1,2,0.5
778,1990,60,6427,1,4,0.25
779,1990,60,6431,1,4,0.25
780,1990,86,515,1,4,0.25
781,1990,14,914,1,4,0.25
782,1990,87,6202,1,6,0.17
783,1990,86,522,1,1,1.0
784,1990,31,2373,1,3,0.33
785,1990,22,2023,1,3,0.33
786,1990,6,5325,1,4,0.25
787,1990,35,2853,1,3,0.33
788,1990,8,4616,1,3,0.33
789,1990,14,961,1,5,0.2
790,1990,85,3705,1,3,0.33
791,1990,88,377,1,3,0.33
792,1990,46,7481,1,4,0.25
793,1990,19,2714,1,4,0.25
794,1990,8,4635,1,2,0.5
795,1990,13,6690,1,4,0.25
796,1990,51,5764,1,3,0.33
797,1990,46,7483,1,5,0.2
798,1990,73,3513,1,3,0.33
799,1990,85,3745,1,5,0.2
800,1990,6,5425,1,6,0.17
801,1990,19,2725,1,4,0.25
802,1990,13,6749,1,3,0.33
803,1990,44,1436,1,6,0.17
804,1990,88,427,1,3,0.33
805,1990,88,431,1,2,0.5
806,1994,69,385,6,3,2.0
807,1994,12,3001,6,7,0.86
808,1994,73,3343,5,7,0.71
809,1994,51,5533,5,7,0.71
810,1994,1,6174,5,5,1.0
811,1994,11,1791,5,7,0.71
812,1994,6,5181,4,4,1.0
813,1994,73,3371,4,5,0.8
814,1994,68,1933,4,4,1.0
815,1994,11,1551,3,7,0.43
816,1994,60,6362,3,5,0.6
817,1994,73,3366,3,7,0.43
818,1994,34,4884,3,4,0.75
819,1994,68,1891,3,5,0.6
820,1994,13,6543,2,3,0.67
821,1994,4,4818,2,3,0.67
822,1994,57,4456,2,4,0.5
823,1994,57,4457,2,4,0.5
824,1994,51,5532,2,7,0.29
825,1994,6,5208,2,3,0.67
826,1994,68,1883,2,5,0.4
827,1994,56,7727,2,4,0.5
828,1994,34,4933,2,5,0.4
829,1994,21,6972,2,3,0.67
830,1994,60,6425,2,5,0.4
831,1994,74,8130,2,3,0.67
832,1994,12,2968,2,7,0.29
833,1994,19,2727,2,3,0.67
834,1994,1,6306,2,3,0.67
835,1994,4,4763,1,2,0.5
836,1994,4,4768,1,2,0.5
837,1994,4,4776,1,4,0.25
838,1994,46,7441,1,3,0.33
839,1994,6,5172,1,4,0.25
840,1994,34,4876,1,1,1.0
841,1994,56,7658,1,4,0.25
842,1994,12,2919,1,4,0.25
843,1994,11,1559,1,3,0.33
844,1994,74,8057,1,4,0.25
845,1994,55,8327,1,2,0.5
846,1994,74,8066,1,4,0.25
847,1994,13,6591,1,3,0.33
848,1994,14,888,1,3,0.33
849,1994,56,7729,1,3,0.33
850,1994,19,2669,1,2,0.5
851,1994,57,4483,1,4,0.25
852,1994,13,6627,1,3,0.33
853,1994,34,4940,1,2,0.5
854,1994,34,4945,1,5,0.2
855,1994,46,7457,1,4,0.25
856,1994,21,6978,1,3,0.33
857,1994,34,4959,1,4,0.25
858,1994,73,3440,1,5,0.2
859,1994,73,3453,1,6,0.17
860,1994,19,2687,1,1,1.0
861,1994,34,4975,1,4,0.25
862,1994,6,5307,1,2,0.5
863,1994,11,1708,1,7,0.14
864,1994,51,5685,1,6,0.17
865,1994,1,6212,1,5,0.2
866,1994,73,3464,1,5,0.2
867,1994,14,936,1,2,0.5
868,1994,55,8386,1,1,1.0
869,1994,14,961,1,3,0.33
870,1994,68,1923,1,5,0.2
871,1994,69,379,1,3,0.33
872,1994,11,1768,1,5,0.2
873,1994,58,7432,1,3,0.33
874,1994,1,6260,1,2,0.5
875,1994,60,6472,1,5,0.2
876,1994,9,4738,1,3,0.33
877,1994,21,7083,1,3,0.33
878,1994,57,4532,1,3,0.33
879,1994,12,2998,1,7,0.14
880,1994,35,2886,1,4,0.25
881,1994,74,8206,1,3,0.33
882,1994,60,6487,1,3,0.33
883,1994,60,6537,1,3,0.33
884,1994,35,2905,1,4,0.25
885,1994,57,4543,1,4,0.25
886,1998,24,3743,6,7,0.86
887,1998,6,5181,5,5,1.0
888,1998,51,5787,5,5,1.0
889,1998,56,7754,4,4,1.0
890,1998,11,1795,4,7,0.57
891,1998,17,756,4,4,1.0
892,1998,11,1551,3,7,0.43
893,1998,60,6362,3,7,0.43
894,1998,1,6058,3,5,0.6
895,1998,11,1580,3,6,0.5
896,1998,36,3937,3,6,0.5
897,1998,1,6174,3,5,0.6
898,1998,11,1781,3,7,0.43
899,1998,51,5533,2,4,0.5
900,1998,72,8237,2,3,0.67
901,1998,55,8309,2,3,0.67
902,1998,60,6377,2,7,0.29
903,1998,60,6382,2,6,0.33
904,1998,55,8363,2,3,0.67
905,1998,34,4945,2,3,0.67
906,1998,60,6429,2,4,0.5
907,1998,85,3620,2,3,0.67
908,1998,26,4242,2,5,0.4
909,1998,68,1910,2,4,0.5
910,1998,34,4998,2,2,1.0
911,1998,6,5337,2,5,0.4
912,1998,44,1358,2,4,0.5
913,1998,56,7817,2,3,0.67
914,1998,36,4005,2,6,0.33
915,1998,24,3705,2,5,0.4
916,1998,44,1389,2,4,0.5
917,1998,36,4051,2,6,0.33
918,1998,52,7280,2,3,0.67
919,1998,13,6757,2,3,0.67
920,1998,36,4075,2,5,0.4
921,1998,57,4444,1,3,0.33
922,1998,4,4768,1,3,0.33
923,1998,4,4787,1,2,0.5
924,1998,44,1198,1,4,0.25
925,1998,62,4312,1,4,0.25
926,1998,57,4461,1,4,0.25
927,1998,44,1215,1,3,0.33
928,1998,62,4320,1,4,0.25
929,1998,36,3848,1,5,0.2
930,1998,56,7660,1,4,0.25
931,1998,31,2298,1,3,0.33
932,1998,62,4342,1,3,0.33
933,1998,31,2305,1,3,0.33
934,1998,60,6379,1,6,0.17
935,1998,51,5612,1,5,0.2
936,1998,36,3905,1,7,0.14
937,1998,36,3908,1,3,0.33
938,1998,52,7267,1,3,0.33
939,1998,58,7398,1,4,0.25
940,1998,55,8348,1,3,0.33
941,1998,48,4103,1,3,0.33
942,1998,58,7401,1,4,0.25
943,1998,58,7403,1,4,0.25
944,1998,56,7729,1,4,0.25
945,1998,21,6965,1,2,0.5
946,1998,26,4219,1,5,0.2
947,1998,8,4579,1,3,0.33
948,1998,57,4490,1,3,0.33
949,1998,68,1892,1,4,0.25
950,1998,24,3600,1,7,0.14
951,1998,26,4229,1,5,0.2
952,1998,34,4961,1,3,0.33
953,1998,12,2960,1,3,0.33
954,1998,26,4243,1,5,0.2
955,1998,36,3974,1,6,0.17
956,1998,6,5299,1,5,0.2
957,1998,34,4975,1,3,0.33
958,1998,48,4140,1,3,0.33
959,1998,14,932,1,3,0.33
960,1998,35,2843,1,2,0.5
961,1998,72,8261,1,3,0.33
962,1998,85,3653,1,4,0.25
963,1998,85,3654,1,4,0.25
964,1998,1,6219,1,3,0.33
965,1998,26,4256,1,2,0.5
966,1998,53,142,1,3,0.33
967,1998,26,4260,1,5,0.2
968,1998,13,6667,1,3,0.33
969,1998,14,951,1,3,0.33
970,1998,57,4522,1,4,0.25
971,1998,57,4527,1,1,1.0
972,1998,60,6458,1,6,0.17
973,1998,68,1923,1,4,0.25
974,1998,6,5366,1,3,0.33
975,1998,8,4626,1,3,0.33
976,1998,19,2708,1,3,0.33
977,1998,34,5036,1,3,0.33
978,1998,58,7432,1,4,0.25
979,1998,26,4272,1,5,0.2
980,1998,26,4275,1,5,0.2
981,1998,44,1384,1,4,0.25
982,1998,17,761,1,4,0.25
983,1998,78,7252,1,3,0.33
984,1998,24,1149,1,7,0.14
985,1998,85,3739,1,4,0.25
986,1998,36,4057,1,6,0.17
987,1998,60,6511,1,3,0.33
988,1998,8,4659,1,3,0.33
989,1998,24,1162,1,7,0.14
990,1998,21,7095,1,3,0.33
991,1998,6,5443,1,5,0.2
992,1998,60,6541,1,4,0.25
993,2002,11,1795,8,7,1.14
994,2002,1,6176,5,7,0.71
995,2002,11,1781,5,7,0.71
996,2002,26,4288,4,4,1.0
997,2002,51,5787,4,4,1.0
998,2002,1,6047,3,6,0.5
999,2002,70,1031,3,5,0.6
1000,2002,46,7460,3,4,0.75
1001,2002,73,3440,3,4,0.75
1002,2002,77,5473,3,7,0.43
1003,2002,34,4998,3,5,0.6
1004,2002,65,3285,3,3,1.0
1005,2002,34,5036,3,4,0.75
1006,2002,13,6757,3,4,0.75
1007,2002,21,6925,2,7,0.29
1008,2002,56,7663,2,4,0.5
1009,2002,70,1013,2,4,0.5
1010,2002,62,4351,2,2,1.0
1011,2002,77,5460,2,7,0.29
1012,2002,35,2789,2,5,0.4
1013,2002,22,2001,2,3,0.67
1014,2002,34,4945,2,4,0.5
1015,2002,53,97,2,4,0.5
1016,2002,35,2843,2,5,0.4
1017,2002,44,1358,2,5,0.4
1018,2002,11,1794,2,5,0.4
1019,2002,77,5485,2,6,0.33
1020,2002,33,3773,1,3,0.33
1021,2002,57,4448,1,3,0.33
1022,2002,73,3332,1,4,0.25
1023,2002,62,4307,1,4,0.25
1024,2002,6,5181,1,3,0.33
1025,2002,44,1215,1,5,0.2
1026,2002,77,5453,1,6,0.17
1027,2002,69,260,1,3,0.33
1028,2002,65,3202,1,3,0.33
1029,2002,1,6058,1,5,0.2
1030,2002,56,7660,1,4,0.25
1031,2002,1,6061,1,6,0.17
1032,2002,78,7175,1,3,0.33
1033,2002,46,7444,1,4,0.25
1034,2002,44,1235,1,5,0.2
1035,2002,62,7674,1,4,0.25
1036,2002,33,3780,1,3,0.33
1037,2002,6,5225,1,3,0.33
1038,2002,51,5609,1,3,0.33
1039,2002,27,24,1,3,0.33
1040,2002,70,1025,1,3,0.33
1041,2002,46,7451,1,4,0.25
1042,2002,11,1612,1,6,0.17
1043,2002,14,894,1,3,0.33
1044,2002,70,1035,1,4,0.25
1045,2002,44,1270,1,5,0.2
1046,2002,80,5872,1,1,1.0
1047,2002,72,8245,1,3,0.33
1048,2002,44,1292,1,5,0.2
1049,2002,46,7456,1,4,0.25
1050,2002,21,6978,1,5,0.2
1051,2002,1,6156,1,3,0.33
1052,2002,11,1680,1,1,1.0
1053,2002,69,315,1,3,0.33
1054,2002,77,5471,1,6,0.17
1055,2002,64,3101,1,3,0.33
1056,2002,21,7039,1,4,0.25
1057,2002,1,6201,1,7,0.14
1058,2002,35,2842,1,3,0.33
1059,2002,14,932,1,3,0.33
1060,2002,72,8261,1,3,0.33
1061,2002,27,47,1,3,0.33
1062,2002,34,4988,1,3,0.33
1063,2002,72,8268,1,3,0.33
1064,2002,80,5932,1,2,0.5
1065,2002,53,131,1,3,0.33
1066,2002,53,140,1,4,0.25
1067,2002,1,6232,1,6,0.17
1068,2002,72,8277,1,2,0.5
1069,2002,35,2856,1,5,0.2
1070,2002,24,1126,1,2,0.5
1071,2002,64,3134,1,3,0.33
1072,2002,21,7075,1,7,0.14
1073,2002,22,2035,1,2,0.5
1074,2002,72,8284,1,3,0.33
1075,2002,24,1138,1,3,0.33
1076,2002,80,5968,1,3,0.33
1077,2002,11,1784,1,6,0.17
1078,2002,80,5979,1,3,0.33
1079,2002,26,4273,1,4,0.25
1080,2002,65,3309,1,2,0.5
1081,2002,62,4419,1,4,0.25
1082,2002,1,6273,1,7,0.14
1083,2002,21,7084,1,7,0.14
1084,2002,13,6697,1,4,0.25
1085,2002,21,7089,1,7,0.14
1086,2002,77,5488,1,7,0.14
1087,2002,53,169,1,4,0.25
1088,2002,73,3516,1,4,0.25
1089,2002,69,408,1,3,0.33
1090,2002,69,411,1,3,0.33
1091,2002,56,7878,1,4,0.25
1092,2002,34,5086,1,4,0.25
1093,2002,13,6716,1,2,0.5
1094,2002,13,6754,1,3,0.33
1095,2002,22,2060,1,3,0.33
1096,2002,22,2063,1,3,0.33
1097,2002,21,7095,1,7,0.14
1098,2002,64,3182,1,3,0.33
1099,2006,1,6176,5,7,0.71
1100,2006,6,5225,3,4,0.75
1101,2006,36,3937,3,7,0.43
1102,2006,1,6248,3,7,0.43
1103,2006,6,5381,3,5,0.6
1104,2006,11,1795,3,5,0.6
1105,2006,34,5076,3,4,0.75
1106,2006,34,5091,3,4,0.75
1107,2006,36,4075,3,6,0.5
1108,2006,11,1522,2,4,0.5
1109,2006,64,3037,2,2,1.0
1110,2006,56,7666,2,3,0.67
1111,2006,7,7294,2,4,0.5
1112,2006,27,24,2,3,0.67
1113,2006,23,6770,2,3,0.67
1114,2006,74,8093,2,4,0.5
1115,2006,44,1282,2,5,0.4
1116,2006,65,3262,2,7,0.29
1117,2006,51,5686,2,4,0.5
1118,2006,67,564,2,3,0.67
1119,2006,1,6280,2,7,0.29
1120,2006,79,7116,2,5,0.4
1121,2006,27,71,2,3,0.67
1122,2006,51,5777,2,6,0.33
1123,2006,36,4068,2,7,0.29
1124,2006,22,2060,2,3,0.67
1125,2006,21,6925,1,3,0.33
1126,2006,4,4768,1,3,0.33
1127,2006,4,4771,1,2,0.5
1128,2006,73,3333,1,4,0.25
1129,2006,7,7283,1,4,0.25
1130,2006,34,4857,1,3,0.33
1131,2006,38,1458,1,4,0.25
1132,2006,6,5169,1,5,0.2
1133,2006,48,4087,1,2,0.5
1134,2006,74,8047,1,4,0.25
1135,2006,44,1215,1,5,0.2
1136,2006,6,5205,1,5,0.2
1137,2006,44,1250,1,5,0.2
1138,2006,44,1255,1,4,0.25
1139,2006,62,4351,1,2,0.5
1140,2006,65,3221,1,4,0.25
1141,2006,51,5609,1,5,0.2
1142,2006,35,2783,1,2,0.5
1143,2006,38,1472,1,2,0.5
1144,2006,23,6775,1,2,0.5
1145,2006,3,7927,1,1,1.0
1146,2006,56,7720,1,4,0.25
1147,2006,11,1634,1,1,1.0
1148,2006,1,6100,1,6,0.17
1149,2006,51,5647,1,5,0.2
1150,2006,11,1642,1,1,1.0
1151,2006,48,4111,1,2,0.5
1152,2006,22,2001,1,3,0.33
1153,2006,51,5652,1,6,0.17
1154,2006,38,1474,1,3,0.33
1155,2006,51,5656,1,5,0.2
1156,2006,71,3592,1,1,1.0
1157,2006,51,5659,1,1,1.0
1158,2006,78,7205,1,3,0.33
1159,2006,78,7208,1,3,0.33
1160,2006,34,4957,1,1,1.0
1161,2006,11,1679,1,3,0.33
1162,2006,11,1684,1,5,0.2
1163,2006,79,7107,1,4,0.25
1164,2006,23,6784,1,2,0.5
1165,2006,27,42,1,4,0.25
1166,2006,7,7327,1,3,0.33
1167,2006,67,501,1,1,1.0
1168,2006,23,6788,1,3,0.33
1169,2006,24,1107,1,3,0.33
1170,2006,1,6196,1,7,0.14
1171,2006,73,3440,1,4,0.25
1172,2006,21,7036,1,3,0.33
1173,2006,73,3454,1,4,0.25
1174,2006,56,7777,1,4,0.25
1175,2006,6,5318,1,3,0.33
1176,2006,78,7237,1,3,0.33
1177,2006,75,6915,1,3,0.33
1178,2006,7,7346,1,4,0.25
1179,2006,38,1488,1,3,0.33
1180,2006,53,138,1,3,0.33
1181,2006,1,6232,1,7,0.14
1182,2006,65,3279,1,2,0.5
1183,2006,21,7075,1,3,0.33
1184,2006,65,3285,1,6,0.17
1185,2006,51,5733,1,7,0.14
1186,2006,34,5036,1,4,0.25
1187,2006,79,7112,1,4,0.25
1188,2006,36,4021,1,7,0.14
1189,2006,60,6471,1,3,0.33
1190,2006,65,3307,1,6,0.17
1191,2006,79,7114,1,4,0.25
1192,2006,6,5401,1,3,0.33
1193,2006,74,8188,1,3,0.33
1194,2006,65,3317,1,7,0.14
1195,2006,24,1148,1,3,0.33
1196,2006,53,171,1,2,0.5
1197,2006,6,5422,1,4,0.25
1198,2006,51,5779,1,7,0.14
1199,2006,60,6517,1,3,0.33
1200,2006,60,6518,1,4,0.25
1201,2006,51,5794,1,6,0.17
1202,2006,11,1838,1,5,0.2
1203,2006,71,3769,1,2,0.5
1204,2006,56,7898,1,4,0.25
1205,2010,80,5872,5,7,0.71
1206,2010,1,6226,5,6,0.83
1207,2010,60,6481,5,7,0.71
1208,2010,34,5091,5,7,0.71
1209,2010,6,5282,4,4,1.0
1210,2010,1,6176,4,5,0.8
1211,2010,32,814,4,4,1.0
1212,2010,35,2789,3,4,0.75
1213,2010,38,1474,3,5,0.6
1214,2010,11,1694,3,5,0.6
1215,2010,80,6010,3,6,0.5
1216,2010,11,1616,2,2,1.0
1217,2010,14,894,2,3,0.67
1218,2010,56,7753,2,4,0.5
1219,2010,7,7317,2,3,0.67
1220,2010,53,94,2,4,0.5
1221,2010,34,4948,2,6,0.33
1222,2010,21,7037,2,4,0.5
1223,2010,21,7044,2,4,0.5
1224,2010,1,6248,2,6,0.33
1225,2010,60,6471,2,5,0.4
1226,2010,11,1787,2,4,0.5
1227,2010,6,5422,2,4,0.5
1228,2010,65,3321,2,4,0.5
1229,2010,57,4536,2,3,0.67
1230,2010,57,4450,1,3,0.33
1231,2010,62,4302,1,4,0.25
1232,2010,65,3193,1,2,0.5
1233,2010,17,636,1,4,0.25
1234,2010,26,4192,1,3,0.33
1235,2010,33,3774,1,3,0.33
1236,2010,56,7660,1,3,0.33
1237,2010,38,1466,1,5,0.2
1238,2010,35,2759,1,4,0.25
1239,2010,1,6075,1,4,0.25
1240,2010,7,7294,1,2,0.5
1241,2010,80,5841,1,6,0.17
1242,2010,51,5605,1,3,0.33
1243,2010,44,1256,1,3,0.33
1244,2010,6,5236,1,5,0.2
1245,2010,35,2783,1,4,0.25
1246,2010,51,5616,1,3,0.33
1247,2010,23,6775,1,3,0.33
1248,2010,53,86,1,4,0.25
1249,2010,74,8089,1,3,0.33
1250,2010,1,6099,1,7,0.14
1251,2010,44,1282,1,4,0.25
1252,2010,17,684,1,4,0.25
1253,2010,6,5279,1,4,0.25
1254,2010,60,6418,1,4,0.25
1255,2010,51,5656,1,3,0.33
1256,2010,1,6158,1,4,0.25
1257,2010,20,7975,1,3,0.33
1258,2010,71,3606,1,3,0.33
1259,2010,11,1673,1,5,0.2
1260,2010,23,6785,1,3,0.33
1261,2010,1,6168,1,7,0.14
1262,2010,72,8252,1,3,0.33
1263,2010,32,800,1,2,0.5
1264,2010,33,3795,1,3,0.33
1265,2010,60,6437,1,7,0.14
1266,2010,65,3259,1,3,0.33
1267,2010,33,3797,1,3,0.33
1268,2010,11,1703,1,5,0.2
1269,2010,36,3983,1,3,0.33
1270,2010,56,7777,1,4,0.25
1271,2010,65,3267,1,4,0.25
1272,2010,17,706,1,3,0.33
1273,2010,72,8274,1,3,0.33
1274,2010,38,1488,1,4,0.25
1275,2010,53,152,1,4,0.25
1276,2010,1,6240,1,7,0.14
1277,2010,6,5346,1,1,1.0
1278,2010,71,3687,1,2,0.5
1279,2010,21,7072,1,4,0.25
1280,2010,21,7075,1,4,0.25
1281,2010,80,5954,1,5,0.2
1282,2010,80,5956,1,7,0.14
1283,2010,34,5028,1,7,0.14
1284,2010,51,5741,1,1,1.0
1285,2010,59,5133,1,3,0.33
1286,2010,62,4411,1,5,0.2
1287,2010,23,6793,1,3,0.33
1288,2010,26,4273,1,3,0.33
1289,2010,65,3307,1,4,0.25
1290,2010,39,2617,1,2,0.5
1291,2010,65,3317,1,4,0.25
1292,2010,59,5137,1,3,0.33
1293,2010,26,4288,1,2,0.5
1294,2010,39,2625,1,3,0.33
1295,2010,23,6799,1,3,0.33
1296,2010,72,8289,1,3,0.33
1297,2010,44,1414,1,2,0.5
1298,2010,60,6498,1,7,0.14
1299,2010,60,6518,1,7,0.14
1300,2010,62,4435,1,5,0.2
1301,2014,19,2715,6,5,1.2
1302,2014,1,6226,5,7,0.71
1303,2014,6,5318,4,7,0.57
1304,2014,11,1735,4,5,0.8
1305,2014,60,6518,4,6,0.67
1306,2014,36,3842,3,5,0.6
1307,2014,60,6471,3,7,0.43
1308,2014,1,6277,3,6,0.5
1309,2014,74,8190,3,4,0.75
1310,2014,27,76,3,3,1.0
1311,2014,38,1462,2,3,0.67
1312,2014,23,6767,2,3,0.67
1313,2014,7,7294,2,2,1.0
1314,2014,11,1591,2,7,0.29
1315,2014,35,2783,2,4,0.5
1316,2014,60,6397,2,4,0.5
1317,2014,5,6852,2,3,0.67
1318,2014,23,6779,2,3,0.67
1319,2014,1,6111,2,6,0.33
1320,2014,38,1474,2,3,0.67
1321,2014,1,6150,2,6,0.33
1322,2014,1,6176,2,5,0.4
1323,2014,1,6189,2,7,0.29
1324,2014,24,1122,2,2,1.0
1325,2014,19,2688,2,3,0.67
1326,2014,57,4499,2,4,0.5
1327,2014,11,1744,2,7,0.29
1328,2014,24,1129,2,3,0.67
1329,2014,22,2042,2,5,0.4
1330,2014,17,757,2,4,0.5
1331,2014,5,6892,2,4,0.5
1332,2014,80,6010,2,2,1.0
1333,2014,34,4857,1,3,0.33
1334,2014,17,629,1,4,0.25
1335,2014,19,2641,1,5,0.2
1336,2014,51,5535,1,3,0.33
1337,2014,17,636,1,2,0.5
1338,2014,60,6365,1,7,0.14
1339,2014,5,6845,1,3,0.33
1340,2014,35,2760,1,1,1.0
1341,2014,22,1977,1,5,0.2
1342,2014,80,5841,1,4,0.25
1343,2014,41,203,1,3,0.33
1344,2014,19,2658,1,5,0.2
1345,2014,13,6588,1,4,0.25
1346,2014,60,6393,1,7,0.14
1347,2014,6,5238,1,5,0.2
1348,2014,56,7709,1,4,0.25
1349,2014,22,1993,1,4,0.25
1350,2014,10,8014,1,3,0.33
1351,2014,74,8076,1,3,0.33
1352,2014,5,6856,1,4,0.25
1353,2014,13,6619,1,5,0.2
1354,2014,60,6402,1,1,1.0
1355,2014,11,1627,1,5,0.2
1356,2014,11,1634,1,6,0.17
1357,2014,48,4110,1,3,0.33
1358,2014,36,3923,1,5,0.2
1359,2014,80,5883,1,4,0.25
1360,2014,35,2809,1,1,1.0
1361,2014,56,7739,1,4,0.25
1362,2014,19,2676,1,4,0.25
1363,2014,5,6864,1,4,0.25
1364,2014,56,7753,1,4,0.25
1365,2014,6,5282,1,7,0.14
1366,2014,53,94,1,3,0.33
1367,2014,60,6418,1,3,0.33
1368,2014,10,8018,1,3,0.33
1369,2014,7,7320,1,3,0.33
1370,2014,35,2825,1,4,0.25
1371,2014,69,317,1,3,0.33
1372,2014,1,6168,1,5,0.2
1373,2014,69,327,1,3,0.33
1374,2014,21,7031,1,3,0.33
1375,2014,21,7046,1,3,0.33
1376,2014,13,6648,1,4,0.25
1377,2014,51,5679,1,3,0.33
1378,2014,56,7777,1,4,0.25
1379,2014,34,4987,1,1,1.0
1380,2014,14,926,1,2,0.5
1381,2014,36,3990,1,5,0.2
1382,2014,74,8149,1,4,0.25
1383,2014,13,6655,1,5,0.2
1384,2014,65,3274,1,3,0.33
1385,2014,57,4509,1,4,0.25
1386,2014,53,152,1,3,0.33
1387,2014,24,1126,1,3,0.33
1388,2014,13,6672,1,5,0.2
1389,2014,1,6240,1,7,0.14
1390,2014,39,2614,1,4,0.25
1391,2014,56,7820,1,4,0.25
1392,2014,10,8025,1,3,0.33
1393,2014,36,4013,1,5,0.2
1394,2014,19,2709,1,3,0.33
1395,2014,6,5383,1,6,0.17
1396,2014,65,3307,1,3,0.33
1397,2014,44,1380,1,3,0.33
1398,2014,39,2618,1,4,0.25
1399,2014,39,2619,1,2,0.5
1400,2014,74,8187,1,4,0.25
1401,2014,11,1804,1,6,0.17
1402,2014,36,4041,1,4,0.25
1403,2014,60,6481,1,6,0.17
1404,2014,21,7086,1,3,0.33
1405,2014,44,1407,1,3,0.33
1406,2014,34,5076,1,3,0.33
1407,2014,22,2054,1,4,0.25
1408,2014,36,4061,1,4,0.25
1409,2014,17,778,1,3,0.33
1410,2014,65,3323,1,2,0.5
1411,2014,17,782,1,4,0.25
1412,2014,13,6748,1,5,0.2
1413,2014,34,5091,1,1,1.0
1414,2014,10,8032,1,1,1.0
1415,2014,60,6535,1,7,0.14
1416,2014,74,8228,1,4,0.25
1417,2018,44,1312,6,6,1.0
1418,2018,69,274,4,5,0.8
1419,2018,36,3930,4,7,0.57
1420,2018,13,6648,4,6,0.67
1421,2018,36,3992,4,7,0.57
1422,2018,65,3307,4,4,1.0
1423,2018,80,5841,3,4,0.75
1424,2018,34,4902,3,4,0.75
1425,2018,69,289,3,5,0.6
1426,2018,13,6628,3,6,0.5
1427,2018,24,1122,3,6,0.5
1428,2018,19,2691,3,3,1.0
1429,2018,24,1129,3,7,0.43
1430,2018,6,5151,2,4,0.5
1431,2018,73,3393,2,5,0.4
1432,2018,53,99,2,4,0.5
1433,2018,7,7320,2,3,0.67
1434,2018,78,7220,2,3,0.67
1435,2018,24,1124,2,7,0.29
1436,2018,57,4499,2,3,0.67
1437,2018,11,1735,2,5,0.4
1438,2018,11,1762,2,5,0.4
1439,2018,28,2112,2,2,1.0
1440,2018,21,7086,2,3,0.67
1441,2018,44,1406,2,7,0.29
1442,2018,80,6010,2,5,0.4
1443,2018,4,4797,1,3,0.33
1444,2018,4,4798,1,3,0.33
1445,2018,44,1195,1,5,0.2
1446,2018,48,4083,1,3,0.33
1447,2018,34,4870,1,3,0.33
1448,2018,73,3353,1,5,0.2
1449,2018,24,1078,1,3,0.33
1450,2018,61,8414,1,1,1.0
1451,2018,13,6550,1,3,0.33
1452,2018,64,3031,1,3,0.33
1453,2018,78,7167,1,3,0.33
1454,2018,55,8322,1,2,0.5
1455,2018,78,7176,1,2,0.5
1456,2018,63,2138,1,3,0.33
1457,2018,13,6572,1,6,0.17
1458,2018,19,2658,1,4,0.25
1459,2018,13,6588,1,6,0.17
1460,2018,6,5238,1,3,0.33
1461,2018,74,8074,1,3,0.33
1462,2018,74,8076,1,4,0.25
1463,2018,55,8357,1,1,1.0
1464,2018,26,4210,1,4,0.25
1465,2018,19,2667,1,4,0.25
1466,2018,13,6619,1,5,0.2
1467,2018,69,293,1,5,0.2
1468,2018,49,7129,1,3,0.33
1469,2018,73,3388,1,5,0.2
1470,2018,69,299,1,4,0.25
1471,2018,80,5882,1,4,0.25
1472,2018,69,302,1,4,0.25
1473,2018,63,2172,1,3,0.33
1474,2018,53,89,1,3,0.33
1475,2018,56,7753,1,4,0.25
1476,2018,53,94,1,3,0.33
1477,2018,34,4951,1,4,0.25
1478,2018,13,6640,1,1,1.0
1479,2018,26,4230,1,3,0.33
1480,2018,53,106,1,3,0.33
1481,2018,21,7028,1,3,0.33
1482,2018,71,3619,1,3,0.33
1483,2018,24,1111,1,7,0.14
1484,2018,1,6189,1,3,0.33
1485,2018,64,3100,1,3,0.33
1486,2018,44,1326,1,6,0.17
1487,2018,56,7772,1,4,0.25
1488,2018,44,1330,1,7,0.14
1489,2018,70,1047,1,3,0.33
1490,2018,6,5317,1,3,0.33
1491,2018,13,6655,1,6,0.17
1492,2018,6,5318,1,4,0.25
1493,2018,13,6656,1,5,0.2
1494,2018,71,3666,1,3,0.33
1495,2018,57,4498,1,3,0.33
1496,2018,34,5000,1,2,0.5
1497,2018,70,1064,1,3,0.33
1498,2018,53,156,1,4,0.25
1499,2018,11,1750,1,5,0.2
1500,2018,36,4003,1,6,0.17
1501,2018,65,3292,1,4,0.25
1502,2018,36,4013,1,6,0.17
1503,2018,65,3299,1,3,0.33
1504,2018,19,2709,1,4,0.25
1505,2018,24,1137,1,7,0.14
1506,2018,24,1139,1,6,0.17
1507,2018,11,1773,1,3,0.33
1508,2018,1,6257,1,3,0.33
1509,2018,11,1786,1,4,0.25
1510,2018,6,5383,1,3,0.33
1511,2018,78,7248,1,3,0.33
1512,2018,74,8190,1,4,0.25
1513,2018,49,7142,1,3,0.33
1514,2018,11,1804,1,5,0.2
1515,2018,73,3527,1,5,0.2
1516,2018,44,1413,1,6,0.17
1517,2018,36,4059,1,6,0.17
1518,2018,36,4063,1,7,0.14
1519,2018,56,7890,1,4,0.25
1520,2018,13,6748,1,6,0.17
1521,2018,24,1161,1,6,0.17
1522,2018,70,1075,1,3,0.33
1523,2018,22,2061,1,1,1.0
1524,2018,74,8228,1,4,0.25
1525,2018,26,4293,1,3,0.33
1526,2018,74,8232,1,3,0.33
1527,2022,36,3992,8,7,1.14
1528,2022,6,5318,7,7,1.0
1529,2022,6,5159,4,7,0.57
1530,2022,36,3923,4,6,0.67
1531,2022,60,6405,3,5,0.6
1532,2022,34,4996,3,4,0.75
1533,2022,65,3302,3,4,0.75
1534,2022,44,1373,3,5,0.6
1535,2022,11,1779,3,4,0.75
1536,2022,44,1382,3,4,0.75
1537,2022,27,76,3,3,1.0
1538,2022,14,861,2,3,0.67
1539,2022,4,4797,2,3,0.67
1540,2022,21,6932,2,4,0.5
1541,2022,80,5853,2,2,1.0
1542,2022,53,83,2,4,0.5
1543,2022,74,8084,2,4,0.5
1544,2022,55,8357,2,7,0.29
1545,2022,65,3230,2,4,0.5
1546,2022,1,6101,2,3,0.67
1547,2022,1,6124,2,2,1.0
1548,2022,44,1312,2,5,0.4
1549,2022,24,1111,2,7,0.29
1550,2022,38,1479,2,3,0.67
1551,2022,65,3258,2,5,0.4
1552,2022,64,3112,2,4,0.5
1553,2022,71,3666,2,3,0.67
1554,2022,11,1735,2,3,0.67
1555,2022,48,4178,2,3,0.67
1556,2022,34,5077,2,4,0.5
1557,2022,60,6533,2,4,0.5
1558,2022,55,8294,1,4,0.25
1559,2022,74,8037,1,4,0.25
1560,2022,4,4814,1,3,0.33
1561,2022,53,82,1,4,0.25
1562,2022,34,4869,1,4,0.25
1563,2022,38,1462,1,3,0.33
1564,2022,37,2532,1,3,0.33
1565,2022,13,6550,1,2,0.5
1566,2022,44,1217,1,5,0.2
1567,2022,60,6365,1,5,0.2
1568,2022,38,1468,1,2,0.5
1569,2022,27,18,1,3,0.33
1570,2022,11,1576,1,4,0.25
1571,2022,14,875,1,2,0.5
1572,2022,56,7689,1,3,0.33
1573,2022,48,4094,1,2,0.5
1574,2022,14,877,1,3,0.33
1575,2022,26,4198,1,3,0.33
1576,2022,55,8335,1,3,0.33
1577,2022,15,2463,1,3,0.33
1578,2022,60,6387,1,5,0.2
1579,2022,60,6397,1,5,0.2
1580,2022,6,5238,1,5,0.2
1581,2022,70,1021,1,4,0.25
1582,2022,70,1028,1,2,0.5
1583,2022,70,1029,1,4,0.25
1584,2022,7,7306,1,4,0.25
1585,2022,60,6400,1,5,0.2
1586,2022,65,3229,1,4,0.25
1587,2022,6,5251,1,7,0.14
1588,2022,44,1274,1,4,0.25
1589,2022,74,8095,1,4,0.25
1590,2022,22,1998,1,3,0.33
1591,2022,34,4930,1,4,0.25
1592,2022,1,6107,1,3,0.33
1593,2022,7,7312,1,4,0.25
1594,2022,44,1283,1,5,0.2
1595,2022,65,3243,1,4,0.25
1596,2022,1,6115,1,3,0.33
1597,2022,24,1095,1,7,0.14
1598,2022,44,1291,1,4,0.25
1599,2022,36,3941,1,6,0.17
1600,2022,65,3245,1,3,0.33
1601,2022,21,6975,1,2,0.5
1602,2022,78,7220,1,2,0.5
1603,2022,21,7028,1,4,0.25
1604,2022,60,6428,1,4,0.25
1605,2022,36,3952,1,3,0.33
1606,2022,70,1044,1,4,0.25
1607,2022,7,7333,1,4,0.25
1608,2022,24,1117,1,6,0.17
1609,2022,6,5305,1,6,0.17
1610,2022,53,119,1,3,0.33
1611,2022,24,1120,1,7,0.14
1612,2022,56,7778,1,2,0.5
1613,2022,71,3657,1,3,0.33
1614,2022,6,5322,1,7,0.14
1615,2022,16,6351,1,3,0.33
1616,2022,34,5010,1,4,0.25
1617,2022,24,1127,1,6,0.17
1618,2022,21,7070,1,1,1.0
1619,2022,11,1747,1,4,0.25
1620,2022,71,3692,1,3,0.33
1621,2022,65,3292,1,4,0.25
1622,2022,24,1129,1,7,0.14
1623,2022,24,1130,1,6,0.17
1624,2022,35,2865,1,4,0.25
1625,2022,36,4015,1,6,0.17
1626,2022,48,4167,1,2,0.5
1627,2022,65,3307,1,5,0.2
1628,2022,55,8400,1,6,0.17
1629,2022,38,1502,1,3,0.33
1630,2022,70,1068,1,4,0.25
1631,2022,74,8190,1,3,0.33
1632,2022,34,5071,1,2,0.5
1633,2022,44,1401,1,3,0.33
1634,2022,53,172,1,3,0.33
1635,2022,36,4048,1,7,0.14
1636,2022,22,2051,1,3,0.33
1637,2022,22,2056,1,1,1.0
1638,2022,11,1824,1,4,0.25
1639,2022,71,3759,1,2,0.5
1640,2022,35,2897,1,4,0.25
1641,2022,35,2904,1,4,0.25
1642,2022,64,3186,1,4,0.25
1643,2022,55,8410,1,7,0.14
